index,schema_version,standard_version,auditor_version,generated_at,run_id,repo_id,repo_remote,branch,commit,dirty_worktree,scope,changed_paths,score,raw_score,finding_count,hard_findings,soft_findings,decision,minimum_score,caps_applied,report_fingerprint,input_fingerprint,policy_fingerprint,repo_score_json_path,repo_score_md_path
1,1.1.0,0.8.0,0.8.16,1778886859,1778886859,sha256:2bf71630fa7f754f006e962a1deff81a701526f0d288f5ccc445aa37afc4e961,git@github.com:neverhuman/RedlineDB.git,main,0cc565e,true,full,[],64,67,255,240,15,advisory,85,"[""python-direct-product-truth-or-db-ownership"",""non-optimal-product-language-found"",""vibe-placeholders-in-product-code"",""fallback-soup-in-product-code"",""future-hostile-dead-language-in-product-code"",""severe-duplication-in-product-code"",""missing-web-e2e-lane"",""missing-rendered-ux-qa-lane"",""authz-or-data-isolation-gap"",""input-boundary-gap"",""release-readiness-gap"",""no-agent-friendly-exception-pattern"",""missing-agent-readable-docs"",""rust-bad-behavior"",""repo-rot-bad-behavior""]",sha256:fa1e153d0d185f4fd82ed422553997131d07a40318fb8268e23811bf75788190,sha256:b6e68c648da7a507a9be283de0ade1b77bf775faa4c601b865f4b0f20492a79a,sha256:1344c6682471353eb10a07a55a14e5fdd73676dd9aafd00b9f60dffd43c8b443,.jankurai/repo-score.json,.jankurai/repo-score.md
2,1.1.0,0.8.0,0.8.16,1778889674,1778889674,sha256:2bf71630fa7f754f006e962a1deff81a701526f0d288f5ccc445aa37afc4e961,git@github.com:neverhuman/RedlineDB.git,main,0cc565e,true,full,[],64,69,252,238,14,advisory,85,"[""python-direct-product-truth-or-db-ownership"",""non-optimal-product-language-found"",""vibe-placeholders-in-product-code"",""fallback-soup-in-product-code"",""future-hostile-dead-language-in-product-code"",""severe-duplication-in-product-code"",""authz-or-data-isolation-gap"",""input-boundary-gap"",""release-readiness-gap"",""no-agent-friendly-exception-pattern"",""missing-agent-readable-docs"",""rust-bad-behavior"",""repo-rot-bad-behavior""]",sha256:1f63587f6fda71b67e5165be8b9f795003f0fad7277c7cfa132398bf4bbd60e7,sha256:612e25bdbf8f4036deaaba8f985a9b405595603732b955486418970cb9ec343b,sha256:1344c6682471353eb10a07a55a14e5fdd73676dd9aafd00b9f60dffd43c8b443,.jankurai/repo-score.json,.jankurai/repo-score.md
3,1.1.0,0.8.0,0.8.16,1778891155,1778891155,sha256:2bf71630fa7f754f006e962a1deff81a701526f0d288f5ccc445aa37afc4e961,git@github.com:neverhuman/RedlineDB.git,main,0cc565e,true,full,[],64,69,251,237,14,advisory,85,"[""python-direct-product-truth-or-db-ownership"",""non-optimal-product-language-found"",""vibe-placeholders-in-product-code"",""fallback-soup-in-product-code"",""future-hostile-dead-language-in-product-code"",""severe-duplication-in-product-code"",""authz-or-data-isolation-gap"",""input-boundary-gap"",""release-readiness-gap"",""no-agent-friendly-exception-pattern"",""missing-agent-readable-docs"",""rust-bad-behavior"",""repo-rot-bad-behavior""]",sha256:de538e0f236ea2f54679c9b650305c69c768dd68ffb464cdc3e80e77e63f454a,sha256:6a8cb274ecb4f92c5ceccaee513ed54e08a59e5e14094546b29ccd5921c6694f,sha256:1344c6682471353eb10a07a55a14e5fdd73676dd9aafd00b9f60dffd43c8b443,.jankurai/repo-score.json,.jankurai/repo-score.md
4,1.1.0,0.8.0,0.8.16,1778891318,1778891318,sha256:2bf71630fa7f754f006e962a1deff81a701526f0d288f5ccc445aa37afc4e961,git@github.com:neverhuman/RedlineDB.git,main,0cc565e,true,full,[],64,69,242,228,14,advisory,85,"[""python-direct-product-truth-or-db-ownership"",""non-optimal-product-language-found"",""vibe-placeholders-in-product-code"",""fallback-soup-in-product-code"",""future-hostile-dead-language-in-product-code"",""severe-duplication-in-product-code"",""authz-or-data-isolation-gap"",""input-boundary-gap"",""release-readiness-gap"",""no-agent-friendly-exception-pattern"",""missing-agent-readable-docs"",""rust-bad-behavior"",""repo-rot-bad-behavior""]",sha256:b73d71bc39e5f444a79bdc5c23339d1d7107827b0fa9c032a9a5dc67a7d0ade8,sha256:3206f194fcf86ee15f2a79bab987867bf4fc1f08806b00bfcb90e4201ebe2381,sha256:1344c6682471353eb10a07a55a14e5fdd73676dd9aafd00b9f60dffd43c8b443,.jankurai/repo-score.json,.jankurai/repo-score.md
5,1.1.0,0.8.0,0.8.16,1778891841,1778891841,sha256:2bf71630fa7f754f006e962a1deff81a701526f0d288f5ccc445aa37afc4e961,git@github.com:neverhuman/RedlineDB.git,main,0cc565e,true,full,[],64,69,241,227,14,advisory,85,"[""python-direct-product-truth-or-db-ownership"",""non-optimal-product-language-found"",""vibe-placeholders-in-product-code"",""fallback-soup-in-product-code"",""future-hostile-dead-language-in-product-code"",""severe-duplication-in-product-code"",""authz-or-data-isolation-gap"",""input-boundary-gap"",""release-readiness-gap"",""no-agent-friendly-exception-pattern"",""missing-agent-readable-docs"",""rust-bad-behavior"",""repo-rot-bad-behavior""]",sha256:6c0f3385501f0d938e881abbd7ad6b572db5715faf594d9baee64a9a0c6ae217,sha256:f895020dd4f84ad33a2f756d5fd27bf709cddf0302e912d16cc7b1d9cdff3fe8,sha256:1344c6682471353eb10a07a55a14e5fdd73676dd9aafd00b9f60dffd43c8b443,.jankurai/repo-score.json,.jankurai/repo-score.md
6,1.1.0,0.8.0,0.8.16,1778892033,1778892033,sha256:2bf71630fa7f754f006e962a1deff81a701526f0d288f5ccc445aa37afc4e961,git@github.com:neverhuman/RedlineDB.git,main,0cc565e,true,full,[],64,69,240,226,14,advisory,85,"[""python-direct-product-truth-or-db-ownership"",""non-optimal-product-language-found"",""vibe-placeholders-in-product-code"",""fallback-soup-in-product-code"",""future-hostile-dead-language-in-product-code"",""severe-duplication-in-product-code"",""authz-or-data-isolation-gap"",""input-boundary-gap"",""release-readiness-gap"",""no-agent-friendly-exception-pattern"",""missing-agent-readable-docs"",""rust-bad-behavior"",""repo-rot-bad-behavior""]",sha256:545b1d5790d6453bd6a5022dfec3cf4f66a93414801f64283b407c5e5ac5d5c9,sha256:2a0f884aef4037f7e711da5a7082c4e42e358ab984a5af1b61330454ab16a484,sha256:1344c6682471353eb10a07a55a14e5fdd73676dd9aafd00b9f60dffd43c8b443,.jankurai/repo-score.json,.jankurai/repo-score.md
7,1.1.0,0.8.0,0.8.16,1778930085,1778930085,sha256:2bf71630fa7f754f006e962a1deff81a701526f0d288f5ccc445aa37afc4e961,git@github.com:neverhuman/RedlineDB.git,worktree-agent-a3b65113de836431c,2256fea,true,full,[],70,82,12,8,4,advisory,85,"[""severe-duplication-in-product-code"",""authz-or-data-isolation-gap""]",sha256:8bea95baba7fd43dfa7e347c36718f04c4a4c47a6f9ddc7ada5009ed0a22b613,sha256:13d9f5864273609a7d4297eb79dc7066969f32029e2bdcefba2471e99ec9cec6,sha256:2fd14128e843e44b2d8e6b64662218d7ae4770a39ccddbdacbda11a599f8ccf7,.jankurai/repo-score.json,.jankurai/repo-score.md
8,1.1.0,0.8.0,0.8.16,1778930136,1778930136,sha256:2bf71630fa7f754f006e962a1deff81a701526f0d288f5ccc445aa37afc4e961,git@github.com:neverhuman/RedlineDB.git,worktree-agent-a3b65113de836431c,f068098,false,full,[],70,82,12,8,4,advisory,85,"[""severe-duplication-in-product-code"",""authz-or-data-isolation-gap""]",sha256:c67a8e3365e7f5c341dd679b8bf740a6d02adbcee44f5267f07d579393565fdc,sha256:4edc19470d0d7fdd143d380d64d6718110b1c6318042c2660781a35b2f2f9fae,sha256:2fd14128e843e44b2d8e6b64662218d7ae4770a39ccddbdacbda11a599f8ccf7,.jankurai/repo-score.json,.jankurai/repo-score.md
9,1.1.0,0.8.0,0.8.16,1778930378,1778930378,sha256:2bf71630fa7f754f006e962a1deff81a701526f0d288f5ccc445aa37afc4e961,git@github.com:neverhuman/RedlineDB.git,release/jankurai-repair-0.2.0-cycle-2,894f18d,true,full,[],78,83,5,1,4,advisory,85,"[""authz-or-data-isolation-gap""]",sha256:f0dcc52c83dbd04c9a929dbceb344c5a3dbd2374fef0e5f637c7fdab7e608283,sha256:be2a02e921899649637aa068fc20acce506caa833f2499fe5ef0d2a658c1065e,sha256:53cee6bbb7603a44df93e1cedc79a3a9fd7a7bf1e7bcc4b4d348a61eddd03328,.jankurai/repo-score.json,.jankurai/repo-score.md
10,1.1.0,0.8.0,0.8.16,1778930591,1778930591,sha256:2bf71630fa7f754f006e962a1deff81a701526f0d288f5ccc445aa37afc4e961,git@github.com:neverhuman/RedlineDB.git,release/jankurai-repair-0.2.0-cycle-2,4d4f1e0,true,full,[],83,83,4,0,4,advisory,85,[],sha256:bea52bdd1ebc16e6361011d7138b102184fb98d4fdae8e7ba411ac8754ada874,sha256:954451d80624b5924d8d6f1b11801496b8cbab64d7a526101eef7033df04f5e5,sha256:53cee6bbb7603a44df93e1cedc79a3a9fd7a7bf1e7bcc4b4d348a61eddd03328,.jankurai/repo-score.json,.jankurai/repo-score.md
11,1.1.0,0.8.0,0.8.16,1778931808,1778931808,sha256:2bf71630fa7f754f006e962a1deff81a701526f0d288f5ccc445aa37afc4e961,git@github.com:neverhuman/RedlineDB.git,release/jankurai-repair-0.2.0-cycle-2,559ef90,true,full,[],83,83,4,0,4,advisory,85,[],sha256:ad0cb0e3a4554362f47455bd9991f2b554763f6434a7e07ec53f900c7b8cf819,sha256:5003bde04e57630fb1853945c32f8c09a25c21e03c0baf9c4c7442551ee40f18,sha256:53cee6bbb7603a44df93e1cedc79a3a9fd7a7bf1e7bcc4b4d348a61eddd03328,.jankurai/repo-score.json,.jankurai/repo-score.md
12,1.1.0,0.8.0,0.8.16,1778939942,1778939942,sha256:2bf71630fa7f754f006e962a1deff81a701526f0d288f5ccc445aa37afc4e961,git@github.com:neverhuman/RedlineDB.git,release/jankurai-repair-0.2.0-cycle-2,2a29854,true,full,[],70,82,4,1,3,advisory,85,"[""ci-bad-behavior""]",sha256:2ecf89de9ed883a07c2ea44abbe359dc72b902e6040c75337463c9c0dde705ed,sha256:108604eb4ab3dffa29bf8ed5ebd6834890a9baac618c834614c6238c9b4611ba,sha256:53cee6bbb7603a44df93e1cedc79a3a9fd7a7bf1e7bcc4b4d348a61eddd03328,.jankurai/repo-score.json,.jankurai/repo-score.md
13,1.1.0,0.8.0,0.8.16,1778940181,1778940181,sha256:2bf71630fa7f754f006e962a1deff81a701526f0d288f5ccc445aa37afc4e961,git@github.com:neverhuman/RedlineDB.git,release/jankurai-repair-0.2.0-cycle-2,32c2092,true,full,[],83,83,3,0,3,advisory,85,[],sha256:0702eeae49973d6ec56e83180c17e7984f39854646abc471f9b54f5d3074a602,sha256:159acd3332afc0ea41ec7e00a33badfd2b9536ce6f55d779020273c77c28c6ea,sha256:53cee6bbb7603a44df93e1cedc79a3a9fd7a7bf1e7bcc4b4d348a61eddd03328,.jankurai/repo-score.json,.jankurai/repo-score.md
14,1.1.0,0.8.0,0.8.16,1778940597,1778940597,sha256:2bf71630fa7f754f006e962a1deff81a701526f0d288f5ccc445aa37afc4e961,git@github.com:neverhuman/RedlineDB.git,release/jankurai-repair-0.2.0-cycle-2,32c2092,true,full,[],70,84,4,2,2,advisory,85,"[""ci-bad-behavior""]",sha256:03fbd98528521b987354b538efbf31ceb86e045b96fdb30599b09c67187d7944,sha256:44324e9fdbaddab5cc83d8e53d2131d13e54f9b281d469bdaf432c7254431b04,sha256:53cee6bbb7603a44df93e1cedc79a3a9fd7a7bf1e7bcc4b4d348a61eddd03328,.jankurai/repo-score.json,.jankurai/repo-score.md
15,1.1.0,0.8.0,0.8.16,1778940631,1778940631,sha256:2bf71630fa7f754f006e962a1deff81a701526f0d288f5ccc445aa37afc4e961,git@github.com:neverhuman/RedlineDB.git,release/jankurai-repair-0.2.0-cycle-2,32c2092,true,full,[],85,85,2,0,2,advisory,85,[],sha256:2a1576b004b2cf1d8a22ebe3c138c82569c8b228f7d0291b98d83bc64b816bb4,sha256:685e238f3733b720d2e5aa535664443ccb5d1a48e4533c26f5050cfcaa0f369f,sha256:53cee6bbb7603a44df93e1cedc79a3a9fd7a7bf1e7bcc4b4d348a61eddd03328,.jankurai/repo-score.json,.jankurai/repo-score.md
16,1.1.0,0.8.0,0.8.16,1778978332,1778978332,sha256:2bf71630fa7f754f006e962a1deff81a701526f0d288f5ccc445aa37afc4e961,git@github.com:neverhuman/RedlineDB.git,release/v1.0.1,d0755a1,true,full,[],89,89,2,0,2,advisory,85,[],sha256:ea9498e60bd5e7e9ffbcaa60ab235108ca89e8e7f464e4ec67a1bfe10606d893,sha256:0b6005b860dafcccf9aaa310034c3215c55440fbc9819b9d0ef9ed0731db6432,sha256:eaca17b4f280af0700dd95302a79cf419832e7a78800160ec46e58880678c57e,.jankurai/repo-score.json,.jankurai/repo-score.md
17,1.1.0,0.8.0,0.8.16,1778984394,1778984394,sha256:2bf71630fa7f754f006e962a1deff81a701526f0d288f5ccc445aa37afc4e961,git@github.com:neverhuman/RedlineDB.git,release/v1.0.1,d0755a1,true,full,[],91,91,2,0,2,advisory,85,[],sha256:58aaec2b167cf75d65655d562c5b96238eedd184b61dc2e0880b3bd40d81fe06,sha256:73e2f7b6e4a7ee0103e02f64516bcb9241b48a6e68ac2d0d61a8488d62ea34b6,sha256:eaca17b4f280af0700dd95302a79cf419832e7a78800160ec46e58880678c57e,.jankurai/repo-score.json,.jankurai/repo-score.md
18,1.1.0,0.8.0,0.8.16,1778990467,1778990467,sha256:2bf71630fa7f754f006e962a1deff81a701526f0d288f5ccc445aa37afc4e961,git@github.com:neverhuman/RedlineDB.git,release/v1.0.1,d0755a1,true,full,[],72,89,9,7,2,advisory,85,"[""rust-bad-behavior""]",sha256:a3f6602eba845b06bbe7cbd012809f62e93f2e6f93fd56671b2b47f5e08752a7,sha256:6765e59d36b48d97e4d3baceb9e5e3143711d4e57f459b5697c272c0b76cde5b,sha256:eaca17b4f280af0700dd95302a79cf419832e7a78800160ec46e58880678c57e,.jankurai/repo-score.json,.jankurai/repo-score.md
19,1.1.0,0.8.0,0.8.16,1778991233,1778991233,sha256:2bf71630fa7f754f006e962a1deff81a701526f0d288f5ccc445aa37afc4e961,git@github.com:neverhuman/RedlineDB.git,release/v1.0.1,d0755a1,true,full,[],91,91,2,0,2,advisory,85,[],sha256:8c45700d35208cc16e7abca68e0c95df6ff3ef0c0d5c80bb15a4e366618f7686,sha256:599a66339e920577a06380ab9ef67f33bef86143f969c086136e31dff81b0bfd,sha256:eaca17b4f280af0700dd95302a79cf419832e7a78800160ec46e58880678c57e,.jankurai/repo-score.json,.jankurai/repo-score.md
20,1.1.0,0.8.0,0.8.16,1778994014,1778994014,sha256:2bf71630fa7f754f006e962a1deff81a701526f0d288f5ccc445aa37afc4e961,git@github.com:neverhuman/RedlineDB.git,release/v1.0.1,d0755a1,true,full,[],91,91,6,4,2,advisory,85,[],sha256:7d29ff030bd8b47ff9fbda142a09bf436d0fe560ed1182ef83bc80b3bd036053,sha256:60076285e1d49dcc3786119fadb07c72c72b59eb3d6669515f9b346911c77371,sha256:eaca17b4f280af0700dd95302a79cf419832e7a78800160ec46e58880678c57e,.jankurai/repo-score.json,.jankurai/repo-score.md
21,1.1.0,0.8.0,0.8.16,1778994310,1778994310,sha256:2bf71630fa7f754f006e962a1deff81a701526f0d288f5ccc445aa37afc4e961,git@github.com:neverhuman/RedlineDB.git,release/v1.0.1,d0755a1,true,full,[],91,91,2,0,2,advisory,85,[],sha256:9b5a94ab30efe9f3aff32417f3d24f61aad1a3731d78726fc90c110b60f5c653,sha256:76916d2173889b8a41ca6d93077390723a68d1839d41262d55e32fc2e7055e1f,sha256:eaca17b4f280af0700dd95302a79cf419832e7a78800160ec46e58880678c57e,.jankurai/repo-score.json,.jankurai/repo-score.md
22,1.1.0,0.8.0,0.8.16,1778996991,1778996991,sha256:2bf71630fa7f754f006e962a1deff81a701526f0d288f5ccc445aa37afc4e961,git@github.com:neverhuman/RedlineDB.git,release/v1.0.1,d0755a1,true,full,[],93,93,1,0,1,advisory,85,[],sha256:2764927653fec4ca23d5338e11004c0cf8ed08605016333526ed47f02a7e3273,sha256:2cfce6ca1fd10b1486836270cd143314bbb2a11fda737a8cc371e84c26a74e3e,sha256:eaca17b4f280af0700dd95302a79cf419832e7a78800160ec46e58880678c57e,.jankurai/repo-score.json,.jankurai/repo-score.md
23,1.1.0,0.8.0,0.8.16,1778997288,1778997288,sha256:2bf71630fa7f754f006e962a1deff81a701526f0d288f5ccc445aa37afc4e961,git@github.com:neverhuman/RedlineDB.git,release/v1.0.1,d0755a1,true,full,[],70,92,2,1,1,advisory,85,"[""no-one-command-setup-or-validation""]",sha256:d618da624e81cdd0ba3317d95dbacae6db36d3f9db7ed768cb54c654bed10b6d,sha256:5176399647aedddec47c19b1bd51b1f0c1c8f73588b7bf1f0dfca30b21a44719,sha256:eaca17b4f280af0700dd95302a79cf419832e7a78800160ec46e58880678c57e,.jankurai/repo-score.json,.jankurai/repo-score.md
24,1.1.0,0.8.0,0.8.16,1778997395,1778997395,sha256:2bf71630fa7f754f006e962a1deff81a701526f0d288f5ccc445aa37afc4e961,git@github.com:neverhuman/RedlineDB.git,release/v1.0.1,d0755a1,true,full,[],93,93,1,0,1,advisory,85,[],sha256:d2b9546b54176558aca582f09f1024f550bcece95eda439e943d6065b810af77,sha256:fc2452f85d2f2718e0d78ad816a1c129e22b1683e80fedb0c7c4060c584a3903,sha256:eaca17b4f280af0700dd95302a79cf419832e7a78800160ec46e58880678c57e,.jankurai/repo-score.json,.jankurai/repo-score.md
25,1.1.0,0.8.0,0.8.16,1778998968,1778998968,sha256:2bf71630fa7f754f006e962a1deff81a701526f0d288f5ccc445aa37afc4e961,git@github.com:neverhuman/RedlineDB.git,release/v1.0.1,d0755a1,true,full,[],64,82,12,10,2,advisory,85,"[""vibe-placeholders-in-product-code"",""fallback-soup-in-product-code"",""future-hostile-dead-language-in-product-code"",""input-boundary-gap""]",sha256:038e5a49903fda449b915d8543f3c2a6b6b1304434050242dc43eb277a44107e,sha256:fe114a9b3dd89e065b402a6e576d8cd56a5a651059e651ee03cde8aea267eb8b,sha256:eaca17b4f280af0700dd95302a79cf419832e7a78800160ec46e58880678c57e,.jankurai/repo-score.json,.jankurai/repo-score.md
26,1.1.0,0.8.0,0.8.16,1778999795,1778999795,sha256:2bf71630fa7f754f006e962a1deff81a701526f0d288f5ccc445aa37afc4e961,git@github.com:neverhuman/RedlineDB.git,release/v1.0.1,04ef43c,true,full,[],64,82,15,13,2,advisory,85,"[""vibe-placeholders-in-product-code"",""fallback-soup-in-product-code"",""future-hostile-dead-language-in-product-code"",""input-boundary-gap""]",sha256:09a878a4bca3615161b0daa6678ac3d7cbb12792ab4a93ffcfae400da5196225,sha256:f0901a9c31fa62f2d62a9c371be392bb65888372f14345af679e0ff96489168c,sha256:eaca17b4f280af0700dd95302a79cf419832e7a78800160ec46e58880678c57e,.jankurai/repo-score.json,.jankurai/repo-score.md
27,1.1.0,0.8.0,0.8.16,1778999886,1778999886,sha256:2bf71630fa7f754f006e962a1deff81a701526f0d288f5ccc445aa37afc4e961,git@github.com:neverhuman/RedlineDB.git,release/v1.0.1,46c5b37,true,full,[],64,84,8,6,2,advisory,85,"[""fallback-soup-in-product-code"",""future-hostile-dead-language-in-product-code"",""input-boundary-gap""]",sha256:ce8a992f0dab323804b36d4165a18fe7d073bc14ded751f837dc9dde09a9c5cf,sha256:3005940ec2e587e02f161a48d168a984f38a29bd769aaa7f6de4cc4a62345c61,sha256:eaca17b4f280af0700dd95302a79cf419832e7a78800160ec46e58880678c57e,.jankurai/repo-score.json,.jankurai/repo-score.md
28,1.1.0,0.8.0,0.8.16,1778999992,1778999992,sha256:2bf71630fa7f754f006e962a1deff81a701526f0d288f5ccc445aa37afc4e961,git@github.com:neverhuman/RedlineDB.git,release/v1.0.1,6383b40,true,full,[],64,84,8,6,2,advisory,85,"[""fallback-soup-in-product-code"",""future-hostile-dead-language-in-product-code"",""input-boundary-gap""]",sha256:fda24cee8b2a994e79a75bada9f6d2ec60541eaae266aa670a594ea746b63344,sha256:496366b07a7907176e9bc1eb47586f8441536fe77bcb488bd9d7b54339b18740,sha256:eaca17b4f280af0700dd95302a79cf419832e7a78800160ec46e58880678c57e,.jankurai/repo-score.json,.jankurai/repo-score.md
29,1.1.0,0.8.0,0.8.16,1779000238,1779000238,sha256:2bf71630fa7f754f006e962a1deff81a701526f0d288f5ccc445aa37afc4e961,git@github.com:neverhuman/RedlineDB.git,release/v1.0.1,2417a40,true,full,[],64,84,8,6,2,advisory,85,"[""fallback-soup-in-product-code"",""future-hostile-dead-language-in-product-code"",""input-boundary-gap""]",sha256:faab7659a8255b27d12b873f5396a2fe3c4c2cbc0f0aac8fe188c6292404794a,sha256:9e48bfd7c9c16d30309f4790f96fe2f6f2876e135e7395ebbfbc4fcfb415c24d,sha256:eaca17b4f280af0700dd95302a79cf419832e7a78800160ec46e58880678c57e,.jankurai/repo-score.json,.jankurai/repo-score.md
30,1.1.0,0.8.0,0.8.16,1779003082,1779003082,sha256:2bf71630fa7f754f006e962a1deff81a701526f0d288f5ccc445aa37afc4e961,git@github.com:neverhuman/RedlineDB.git,release/v1.0.1,7a19f59,true,full,[],64,85,28,26,2,advisory,85,"[""fallback-soup-in-product-code"",""future-hostile-dead-language-in-product-code"",""input-boundary-gap"",""rust-bad-behavior""]",sha256:725d709e57830ad546ccb473c2da87f0062c2f857138cac4a06ba65c232035eb,sha256:6ea2cf93d522d3986b0df02cf4140799b54e284ba551a1fbb1a81f63fa830cca,sha256:3c2550bb2b391b019131b6a4ae05345b020c75fab746d4b2d201ce170e83eea8,.jankurai/repo-score.json,.jankurai/repo-score.md
31,1.1.0,0.8.0,0.8.16,1779003874,1779003874,sha256:2bf71630fa7f754f006e962a1deff81a701526f0d288f5ccc445aa37afc4e961,git@github.com:neverhuman/RedlineDB.git,release/v1.0.1,7a19f59,true,full,[],64,85,24,22,2,advisory,85,"[""fallback-soup-in-product-code"",""future-hostile-dead-language-in-product-code"",""input-boundary-gap"",""rust-bad-behavior""]",sha256:ec59dcf06e6ddadfdb4df6b7de7ae3f69f56207ed2fd956f65414f66ec687eca,sha256:c422f2046921f20651f8433cb7cacf9beb277872ac0263f10d46ecdc5498353c,sha256:3c2550bb2b391b019131b6a4ae05345b020c75fab746d4b2d201ce170e83eea8,.jankurai/repo-score.json,.jankurai/repo-score.md
32,1.1.0,0.8.0,0.8.16,1779008354,1779008354,sha256:2bf71630fa7f754f006e962a1deff81a701526f0d288f5ccc445aa37afc4e961,git@github.com:neverhuman/RedlineDB.git,release/v1.0.1,6d5d26a,false,full,[],64,85,41,39,2,advisory,85,"[""fallback-soup-in-product-code"",""future-hostile-dead-language-in-product-code"",""input-boundary-gap"",""rust-bad-behavior""]",sha256:0d56a2ca64dafa7b370b72af40bfb85203773f8fc22daf7f7fb8feff8ee8cc83,sha256:e41b70818a8dc5ddee8bb84005e26e72b342036cff73cb12ce3689453240acc1,sha256:3c2550bb2b391b019131b6a4ae05345b020c75fab746d4b2d201ce170e83eea8,.jankurai/repo-score.json,.jankurai/repo-score.md
33,1.1.0,0.8.0,0.8.16,1779022466,1779022466,sha256:2bf71630fa7f754f006e962a1deff81a701526f0d288f5ccc445aa37afc4e961,git@github.com:neverhuman/RedlineDB.git,release/v1.0.1,2db0bef,false,full,[],64,87,32,30,2,advisory,85,"[""fallback-soup-in-product-code"",""future-hostile-dead-language-in-product-code"",""input-boundary-gap""]",sha256:5385eef5aa02f60dbee1660cc4d72b6eca96895bb827d8ac194874cfbf9e3968,sha256:26f0decb920e9b692fa7f8fee0e643781bf36aaaaced8c3208c95665549ca481,sha256:bf0047cb31cf891d7635ba8a72ec27013dfc0d21819ccad2e0902f3cf592b113,.jankurai/repo-score.json,.jankurai/repo-score.md
34,1.1.0,0.8.0,0.8.16,1779043218,1779043218,sha256:2bf71630fa7f754f006e962a1deff81a701526f0d288f5ccc445aa37afc4e961,git@github.com:neverhuman/RedlineDB.git,release/v1.0.1,b85ef4e,true,full,[],64,87,33,31,2,advisory,85,"[""fallback-soup-in-product-code"",""future-hostile-dead-language-in-product-code"",""input-boundary-gap""]",sha256:f4251b987ab19d13d41a2c5b4314ece66a4cd246f3c407d3c1abec6a7e99e3d4,sha256:cea9b0d47c3c86418afaf447ff230d5d1736d8cfccfbed7c5196a9a5dc08e250,sha256:653ecaa5f1ee2ba8fb4e857cb556461cdc27ac8407f6de97009d0655810a587e,.jankurai/repo-score.json,.jankurai/repo-score.md
35,1.1.0,0.8.0,0.8.16,1779056439,1779056439,sha256:2bf71630fa7f754f006e962a1deff81a701526f0d288f5ccc445aa37afc4e961,git@github.com:neverhuman/RedlineDB.git,release/v1.0.1,a5e7534,true,full,[],64,87,34,32,2,advisory,85,"[""fallback-soup-in-product-code"",""future-hostile-dead-language-in-product-code"",""input-boundary-gap""]",sha256:eedb60c284f7a07789fae93f565ca7a04fe99b97d5a1ec3d2f0c5f17eb4212b4,sha256:aa9b7ee1e2d410d34501c97d0e5b65962451b58bf800bf48a573b2aee86e32a7,sha256:653ecaa5f1ee2ba8fb4e857cb556461cdc27ac8407f6de97009d0655810a587e,.jankurai/repo-score.json,.jankurai/repo-score.md
36,1.1.0,0.8.0,0.8.16,1779057696,1779057696,sha256:2bf71630fa7f754f006e962a1deff81a701526f0d288f5ccc445aa37afc4e961,git@github.com:neverhuman/RedlineDB.git,release/v1.0.1,a5e7534,true,full,[],70,90,3,1,2,advisory,85,"[""fallback-soup-in-product-code""]",sha256:766b49f4e5b504ab8b39325fe248e5ef9751ece4de256d07162e3410128e6d23,sha256:d118f04e8c0c7691b2330ceab4cd2c85bae9f90f4719ffa94cf775f0a2918d98,sha256:a2eb64c9162b94aa1cde5a376bdf2f1c1cedb0e2d2230a4a9d095b9771dbd229,.jankurai/repo-score.json,.jankurai/repo-score.md
37,1.1.0,0.8.0,0.8.16,1779058392,1779058392,sha256:2bf71630fa7f754f006e962a1deff81a701526f0d288f5ccc445aa37afc4e961,git@github.com:neverhuman/RedlineDB.git,release/v1.0.1,a5e7534,true,full,[],92,92,2,0,2,advisory,85,[],sha256:320f823cc6f0e6743e31c691f5934cc0489c9b475b62b67dddc72c3ad260ef04,sha256:3dbc5005ae6ce3a4de57c4ba91216298c8d777fe3f02aebe93d97bc4fa267d0c,sha256:a2eb64c9162b94aa1cde5a376bdf2f1c1cedb0e2d2230a4a9d095b9771dbd229,.jankurai/repo-score.json,.jankurai/repo-score.md
38,1.1.0,0.8.0,0.8.16,1779063469,1779063469,sha256:2bf71630fa7f754f006e962a1deff81a701526f0d288f5ccc445aa37afc4e961,git@github.com:neverhuman/RedlineDB.git,release/v1.0.1,8f252e0,true,full,[],92,92,2,0,2,advisory,85,[],sha256:73fdc8b0ff50c11f7eff33b1a6fac32cebb709f2806b15add1f0e98a84d2e4b4,sha256:9402decc6decc8d929bb2bea318504212de486b764fad9b84df5708f13bdc00f,sha256:a2eb64c9162b94aa1cde5a376bdf2f1c1cedb0e2d2230a4a9d095b9771dbd229,.jankurai/repo-score.json,.jankurai/repo-score.md
39,1.1.0,0.8.0,0.8.16,1779064104,1779064104,sha256:2bf71630fa7f754f006e962a1deff81a701526f0d288f5ccc445aa37afc4e961,git@github.com:neverhuman/RedlineDB.git,release/v1.0.1,8f252e0,true,full,[],94,94,2,0,2,advisory,85,[],sha256:17d82fbc4b2a02d7f4bcbfb86b24c12068a54e4d885890e4b624ad7696803145,sha256:e7ea1a6719ed98ab8e336e18b988c4a535535a398ff6ca8a9b35b90953ccbb3e,sha256:a2eb64c9162b94aa1cde5a376bdf2f1c1cedb0e2d2230a4a9d095b9771dbd229,.jankurai/repo-score.json,.jankurai/repo-score.md
40,1.1.0,0.8.0,0.8.16,1779073358,1779073358,sha256:2bf71630fa7f754f006e962a1deff81a701526f0d288f5ccc445aa37afc4e961,git@github.com:neverhuman/RedlineDB.git,release/v1.0.1,0a69ca2,true,full,[],70,90,3,1,2,advisory,85,"[""fallback-soup-in-product-code""]",sha256:5c253741b5202c34eb0d2185e3329193c8b917e4cf00b95e9b445e6c297a2241,sha256:a2cfb9d0b72ff4400e88cfb8b3c10a28a2f0a6e3bc86cdd3e54a1f291744e5c8,sha256:a2eb64c9162b94aa1cde5a376bdf2f1c1cedb0e2d2230a4a9d095b9771dbd229,.jankurai/repo-score.json,.jankurai/repo-score.md
41,1.1.0,0.8.0,0.8.16,1779073638,1779073638,sha256:2bf71630fa7f754f006e962a1deff81a701526f0d288f5ccc445aa37afc4e961,git@github.com:neverhuman/RedlineDB.git,release/v1.0.1,0a69ca2,true,full,[],92,92,2,0,2,advisory,85,[],sha256:2f461e807ade735d830b3173ddf46243240353eabad757cf8c3d11ebc5714a16,sha256:32348e4f2bf6e3bce4b462ba99e61541b991346b2ccf58506261cb85eff3530c,sha256:a2eb64c9162b94aa1cde5a376bdf2f1c1cedb0e2d2230a4a9d095b9771dbd229,.jankurai/repo-score.json,.jankurai/repo-score.md
42,1.1.0,0.8.0,0.8.16,1779074347,1779074347,sha256:2bf71630fa7f754f006e962a1deff81a701526f0d288f5ccc445aa37afc4e961,git@github.com:neverhuman/RedlineDB.git,fix/sqlite-order-by-ordinal-positional,18255b4,true,full,[],92,92,2,0,2,advisory,85,[],sha256:5d099dd9727d973f4cc7f94f206fa9b8c2d5f4cf87883da4c6d111fb455472df,sha256:892c1343029fc9f3602d9ec095bc87af3f3c661bc8f9a3e1f3c0619ada6b5e97,sha256:a2eb64c9162b94aa1cde5a376bdf2f1c1cedb0e2d2230a4a9d095b9771dbd229,.jankurai/repo-score.json,.jankurai/repo-score.md
43,1.1.0,0.8.0,0.8.16,1779078785,1779078785,sha256:2bf71630fa7f754f006e962a1deff81a701526f0d288f5ccc445aa37afc4e961,git@github.com:neverhuman/RedlineDB.git,fix/sqlite-order-by-ordinal-positional,a09b00a,true,full,[],64,89,9,7,2,advisory,85,"[""future-hostile-dead-language-in-product-code"",""input-boundary-gap""]",sha256:d75157e4da4126ed69d1c27fb2bc66b3467160b776c47e4fc9ea8e0216a7cc4e,sha256:210c9ad7bc648ab700771e2c98638e391edf07efb631dd2e5849ee9645628376,sha256:a2eb64c9162b94aa1cde5a376bdf2f1c1cedb0e2d2230a4a9d095b9771dbd229,.jankurai/repo-score.json,.jankurai/repo-score.md
44,1.1.0,0.8.0,0.8.16,1779078856,1779078856,sha256:2bf71630fa7f754f006e962a1deff81a701526f0d288f5ccc445aa37afc4e961,git@github.com:neverhuman/RedlineDB.git,fix/sqlite-order-by-ordinal-positional,a09b00a,true,full,[],64,89,3,1,2,advisory,85,"[""future-hostile-dead-language-in-product-code""]",sha256:4658da947f037ae9c8a4346ffccbc47439dc1693d1232996ae38ef279015a13c,sha256:752806ed68ee3a5a7c23f5c31469c85a52c27197a5bb976cf2eb9153cc631e47,sha256:a2eb64c9162b94aa1cde5a376bdf2f1c1cedb0e2d2230a4a9d095b9771dbd229,.jankurai/repo-score.json,.jankurai/repo-score.md
45,1.1.0,0.8.0,0.8.16,1779078874,1779078874,sha256:2bf71630fa7f754f006e962a1deff81a701526f0d288f5ccc445aa37afc4e961,git@github.com:neverhuman/RedlineDB.git,fix/sqlite-order-by-ordinal-positional,a09b00a,true,full,[],92,92,2,0,2,advisory,85,[],sha256:767d6bc9e06479f7ba25d5467f663719e2d14c383c3cf13128ef06fd54e3b9a7,sha256:90a8d9722ac8e4ad8520e00066942b70e91eaa9c9f36adb125df8ea2ce3815d9,sha256:a2eb64c9162b94aa1cde5a376bdf2f1c1cedb0e2d2230a4a9d095b9771dbd229,.jankurai/repo-score.json,.jankurai/repo-score.md
46,1.1.0,0.8.0,0.8.16,1779222082,1779222082,sha256:6fee039913ac85c9516dadc08d197f2f0b5b9585d5e3ed0592f387ae55358165,https://github.com/neverhuman/RedlineDB,main,fa29253,true,full,[],78,92,4,2,2,advisory,85,"[""input-boundary-gap"",""agent-tool-supply-chain-gap""]",sha256:e9a56cfe4ab9ce3ea3708fe51d302a63e2b5421238c4a9758b55d6a8ee3cfa4a,sha256:1c1298de7a316f024f641b0e5003c1d56e49bf8e39c310264b3ffc8076453e66,sha256:a2eb64c9162b94aa1cde5a376bdf2f1c1cedb0e2d2230a4a9d095b9771dbd229,.jankurai/repo-score.json,.jankurai/repo-score.md
47,1.1.0,0.8.0,1.5.1,1779225828,1779225828,sha256:6fee039913ac85c9516dadc08d197f2f0b5b9585d5e3ed0592f387ae55358165,https://github.com/neverhuman/RedlineDB,codex/redlinedb-sqlx-bootstrap-gap,78a3809,true,full,[],78,92,4,2,2,advisory,85,"[""input-boundary-gap"",""agent-tool-supply-chain-gap""]",sha256:6191253539c8a83098bda0457534189c9903300724fddf814d8b6d6219802195,sha256:3af33df5cdab67a67a36bf092d54a105496fd12f15b853e76bc64e72223f854c,sha256:a2eb64c9162b94aa1cde5a376bdf2f1c1cedb0e2d2230a4a9d095b9771dbd229,.jankurai/repo-score.json,.jankurai/repo-score.md
48,1.1.0,0.9.0,1.5.1,1779226293,1779226293,sha256:2bf71630fa7f754f006e962a1deff81a701526f0d288f5ccc445aa37afc4e961,git@github.com:neverhuman/RedlineDB.git,codex/redlinedb-sqlx-bootstrap-gap,1f15fbc,true,full,[],64,72,52,47,5,advisory,85,"[""python-direct-product-truth-or-db-ownership"",""non-optimal-product-language-found"",""fallback-soup-in-product-code"",""future-hostile-dead-language-in-product-code"",""severe-duplication-in-product-code"",""missing-web-e2e-lane"",""missing-rendered-ux-qa-lane"",""input-boundary-gap"",""agent-tool-supply-chain-gap"",""rust-bad-behavior""]",sha256:46389a0990546bdbcc54e152d100286a74d760d561147d6c8119fbe7e4e17ee0,sha256:8b54b577419fb95e55ad3c3da1063899df44ae37a15f38e8969ad61acad52a03,sha256:0000000000000000000000000000000000000000000000000000000000000000,.jankurai/repo-score.json,.jankurai/repo-score.md
49,1.1.0,0.9.0,1.5.1,1779238550,1779238550,sha256:d6fe84388260d7f00112f61d9f02d8afeb5ef6ed2d2db395276b5f5876432f6b,https://github.com/neverhuman/RedlineDB.git,REAL_SQL_TESTS_SCALE,c5b465f,true,full,[],64,72,123,114,9,advisory,85,"[""python-direct-product-truth-or-db-ownership"",""non-optimal-product-language-found"",""fallback-soup-in-product-code"",""future-hostile-dead-language-in-product-code"",""severe-duplication-in-product-code"",""generated-zone-mutation-risk"",""input-boundary-gap"",""agent-tool-supply-chain-gap"",""rust-bad-behavior"",""repo-rot-bad-behavior""]",sha256:52d8aae0bbfe7b18a4ab15c728e59e63a8ec2bd64185c8679a5bba123be944c7,sha256:f3db6bdac9bf7c60e8306a97e9626963a7386a74058af5246e9e12b0e02ec2a6,sha256:0000000000000000000000000000000000000000000000000000000000000000,.jankurai/repo-score.json,.jankurai/repo-score.md
50,1.1.0,0.9.0,1.5.1,1779241017,1779241017,sha256:d6fe84388260d7f00112f61d9f02d8afeb5ef6ed2d2db395276b5f5876432f6b,https://github.com/neverhuman/RedlineDB.git,REAL_SQL_TESTS_SCALE,c5b465f,true,full,[],64,72,69,64,5,advisory,85,"[""python-direct-product-truth-or-db-ownership"",""non-optimal-product-language-found"",""fallback-soup-in-product-code"",""future-hostile-dead-language-in-product-code"",""severe-duplication-in-product-code"",""input-boundary-gap"",""agent-tool-supply-chain-gap"",""rust-bad-behavior"",""repo-rot-bad-behavior""]",sha256:127ab15719e08d74e1f13760b902d49f6f0996d50bf3b1c5e90def5aab163618,sha256:100d4f9ccfe5773094dc05dc031b7b1917790c4fb9536fdfc565bceac370e33e,sha256:0000000000000000000000000000000000000000000000000000000000000000,.jankurai/repo-score.json,.jankurai/repo-score.md
51,1.1.0,0.9.0,1.5.1,1779241868,1779241868,sha256:d6fe84388260d7f00112f61d9f02d8afeb5ef6ed2d2db395276b5f5876432f6b,https://github.com/neverhuman/RedlineDB.git,REAL_SQL_TESTS_SCALE,cfa7996,true,full,[],64,72,68,63,5,advisory,85,"[""python-direct-product-truth-or-db-ownership"",""non-optimal-product-language-found"",""fallback-soup-in-product-code"",""future-hostile-dead-language-in-product-code"",""severe-duplication-in-product-code"",""input-boundary-gap"",""agent-tool-supply-chain-gap"",""rust-bad-behavior"",""repo-rot-bad-behavior""]",sha256:cfc0111261981996e87b2731e29f89f5e8d7c16352b5c565ffc588f406db8192,sha256:c70441cab8bc59803bb6763f2e4986281069a4f20ad6cf9bab7aed60ebc97df2,sha256:0000000000000000000000000000000000000000000000000000000000000000,.jankurai/repo-score.json,.jankurai/repo-score.md
52,1.1.0,0.9.0,1.5.1,1779266868,1779266868,sha256:d6fe84388260d7f00112f61d9f02d8afeb5ef6ed2d2db395276b5f5876432f6b,https://github.com/neverhuman/RedlineDB.git,codex/sqlite-parity-whitelist-cleanup-1.0.14,184cc4b,true,full,[],64,72,68,63,5,advisory,85,"[""python-direct-product-truth-or-db-ownership"",""non-optimal-product-language-found"",""fallback-soup-in-product-code"",""future-hostile-dead-language-in-product-code"",""severe-duplication-in-product-code"",""input-boundary-gap"",""agent-tool-supply-chain-gap"",""rust-bad-behavior"",""repo-rot-bad-behavior""]",sha256:e669524929f309820343075e28ea0e40c556a9447c8600bcad7d663d12c0460f,sha256:2818753d4760bc7c37ad0f18f6504f253e660be2655f1a73e6bb0ecd49e905e0,sha256:0000000000000000000000000000000000000000000000000000000000000000,.jankurai/repo-score.json,.jankurai/repo-score.md
53,1.1.0,0.9.0,1.5.1,1779277546,1779277546,sha256:d6fe84388260d7f00112f61d9f02d8afeb5ef6ed2d2db395276b5f5876432f6b,https://github.com/neverhuman/RedlineDB.git,codex/nightly-fuzz-linker-fix,a3ed488,true,full,[],64,72,68,63,5,advisory,85,"[""python-direct-product-truth-or-db-ownership"",""non-optimal-product-language-found"",""fallback-soup-in-product-code"",""future-hostile-dead-language-in-product-code"",""severe-duplication-in-product-code"",""input-boundary-gap"",""agent-tool-supply-chain-gap"",""rust-bad-behavior"",""repo-rot-bad-behavior""]",sha256:a0fadd546cfa188a2ba8b0b617b751adb6f3f7abaf4267796e493513edb50339,sha256:55c74e32dbca303ca403fc34de6fb24b0347f0cab0375d0cefdc0151dad12ab9,sha256:0000000000000000000000000000000000000000000000000000000000000000,.jankurai/repo-score.json,.jankurai/repo-score.md
54,1.1.0,0.9.0,1.5.1,1779279301,1779279301,sha256:d6fe84388260d7f00112f61d9f02d8afeb5ef6ed2d2db395276b5f5876432f6b,https://github.com/neverhuman/RedlineDB.git,codex/nightly-fuzz-linker-fix,e1e1484,true,full,[],64,72,68,63,5,advisory,85,"[""python-direct-product-truth-or-db-ownership"",""non-optimal-product-language-found"",""fallback-soup-in-product-code"",""future-hostile-dead-language-in-product-code"",""severe-duplication-in-product-code"",""input-boundary-gap"",""agent-tool-supply-chain-gap"",""rust-bad-behavior"",""repo-rot-bad-behavior""]",sha256:61f713bf312434bb370683f9bd65521175bd0efc6e9194cacaa54fee73a44abf,sha256:5eaea954d5fb74b527b7ceb381f6679545ddb3b640a5cd448ac414213c84964d,sha256:0000000000000000000000000000000000000000000000000000000000000000,.jankurai/repo-score.json,.jankurai/repo-score.md
55,1.1.0,0.9.0,1.5.1,1779283868,1779283868,sha256:d6fe84388260d7f00112f61d9f02d8afeb5ef6ed2d2db395276b5f5876432f6b,https://github.com/neverhuman/RedlineDB.git,codex/redlinedb-storage-migration-blockers,f1c8818,true,full,[],64,72,68,63,5,advisory,85,"[""python-direct-product-truth-or-db-ownership"",""non-optimal-product-language-found"",""fallback-soup-in-product-code"",""future-hostile-dead-language-in-product-code"",""severe-duplication-in-product-code"",""input-boundary-gap"",""agent-tool-supply-chain-gap"",""rust-bad-behavior"",""repo-rot-bad-behavior""]",sha256:e0bdcf279da04dcf7773ee9d210781f8801b2f0275436314780ce59298a431de,sha256:929a4daa5158cdf80330686ae14403b8ccf2e6cf368b766de5e0f37b1a7a6500,sha256:0000000000000000000000000000000000000000000000000000000000000000,.jankurai/repo-score.json,.jankurai/repo-score.md
56,1.1.0,0.9.0,1.5.1,1779304762,1779304762,sha256:d6fe84388260d7f00112f61d9f02d8afeb5ef6ed2d2db395276b5f5876432f6b,https://github.com/neverhuman/RedlineDB.git,codex/release-v1.0.17-pins,2837a36,true,full,[],64,72,68,63,5,advisory,85,"[""python-direct-product-truth-or-db-ownership"",""non-optimal-product-language-found"",""fallback-soup-in-product-code"",""future-hostile-dead-language-in-product-code"",""severe-duplication-in-product-code"",""input-boundary-gap"",""agent-tool-supply-chain-gap"",""rust-bad-behavior"",""repo-rot-bad-behavior""]",sha256:515bea04fb0c1be1bcb831600c8cfd5d1a00f5851e3750728a6fd1ffed86038b,sha256:dd35d73d43c66f959aad7ac08572e4837706e37c8ba60c371411b4e2b4520aff,sha256:0000000000000000000000000000000000000000000000000000000000000000,.jankurai/repo-score.json,.jankurai/repo-score.md
57,1.1.0,0.9.0,1.5.1,1779364864,1779364864,sha256:d6fe84388260d7f00112f61d9f02d8afeb5ef6ed2d2db395276b5f5876432f6b,https://github.com/neverhuman/RedlineDB.git,codex/sqlite-parity-push-6,fc46ee9,true,full,[],64,72,67,63,4,advisory,85,"[""python-direct-product-truth-or-db-ownership"",""non-optimal-product-language-found"",""fallback-soup-in-product-code"",""future-hostile-dead-language-in-product-code"",""severe-duplication-in-product-code"",""input-boundary-gap"",""agent-tool-supply-chain-gap"",""rust-bad-behavior"",""repo-rot-bad-behavior""]",sha256:58c019fe2f68c51b397065587c5f75c9d9be2e5ecc4d893c01bf6c2606ad65c1,sha256:31d877885849629652a78f295b10b910c93982cec90ef1a8c9ab512ddd8abaf0,sha256:0000000000000000000000000000000000000000000000000000000000000000,.jankurai/repo-score.json,.jankurai/repo-score.md
58,1.1.0,0.9.0,1.5.1,1779376317,1779376317,sha256:d6fe84388260d7f00112f61d9f02d8afeb5ef6ed2d2db395276b5f5876432f6b,https://github.com/neverhuman/RedlineDB.git,codex/sqlite-parity-push-6,24cb183,true,full,[],64,72,67,63,4,advisory,85,"[""python-direct-product-truth-or-db-ownership"",""non-optimal-product-language-found"",""fallback-soup-in-product-code"",""future-hostile-dead-language-in-product-code"",""severe-duplication-in-product-code"",""input-boundary-gap"",""agent-tool-supply-chain-gap"",""rust-bad-behavior"",""repo-rot-bad-behavior""]",sha256:c8ccaf3870ae592f75894db76dbd975d8dcfc6373ee1b79086eccdcede4fb483,sha256:aabae5699b362a6894fb71bec1b6ae4db0472698584a7687a617577259f67f0d,sha256:0000000000000000000000000000000000000000000000000000000000000000,.jankurai/repo-score.json,.jankurai/repo-score.md
59,1.1.0,0.9.0,1.5.1,1779384970,1779384970,sha256:d6fe84388260d7f00112f61d9f02d8afeb5ef6ed2d2db395276b5f5876432f6b,https://github.com/neverhuman/RedlineDB.git,sprinter,89115b7,true,full,[],64,72,67,63,4,advisory,85,"[""python-direct-product-truth-or-db-ownership"",""non-optimal-product-language-found"",""fallback-soup-in-product-code"",""future-hostile-dead-language-in-product-code"",""severe-duplication-in-product-code"",""input-boundary-gap"",""agent-tool-supply-chain-gap"",""rust-bad-behavior"",""repo-rot-bad-behavior""]",sha256:3e662e1710b0df01cb66e9e5e93392ee1beef1b4d5f2550ae1011413d482e46b,sha256:8e7c95856a50d7b88fd358e2cd1073194237075616171323f1a1b335a5a79e58,sha256:0000000000000000000000000000000000000000000000000000000000000000,.jankurai/repo-score.json,.jankurai/repo-score.md
60,1.1.0,0.9.0,1.5.1,1779395976,1779395976,sha256:d6fe84388260d7f00112f61d9f02d8afeb5ef6ed2d2db395276b5f5876432f6b,https://github.com/neverhuman/RedlineDB.git,sprinter,4dde401,true,full,[],91,91,8,6,2,advisory,85,[],sha256:c77dc16b4fe7344a23df978f1d54a0dee93118a846981b8721f6ae63688f6852,sha256:c7225e070cac54bee1d34c99fa02e83504e037dd7beceb10ed4452d3c5fa7dd2,sha256:9d909dbe7af83c2b1bcbc9a414d7e754f9397ad6bc877174843471d562a742ea,.jankurai/repo-score.json,.jankurai/repo-score.md
61,1.1.0,0.9.0,1.5.1,1779397556,1779397556,sha256:d6fe84388260d7f00112f61d9f02d8afeb5ef6ed2d2db395276b5f5876432f6b,https://github.com/neverhuman/RedlineDB.git,sprinter,4dde401,true,full,[],91,91,2,0,2,advisory,85,[],sha256:c309d65d462a82fe9b34e3404ae427e1a106245455c7c5b5ae72edc770bbc7fe,sha256:52aa3593426a023bfaf492048a191a3de25616d9ffc7ce22154b52da50eeac9c,sha256:9d909dbe7af83c2b1bcbc9a414d7e754f9397ad6bc877174843471d562a742ea,.jankurai/repo-score.json,.jankurai/repo-score.md
62,1.1.0,0.9.0,1.5.1,1779405824,1779405824,sha256:d6fe84388260d7f00112f61d9f02d8afeb5ef6ed2d2db395276b5f5876432f6b,https://github.com/neverhuman/RedlineDB.git,sprinter,9e3a303,true,full,[],87,87,2,0,2,advisory,85,[],sha256:165b61d00477df25969c0450c4da8932ba10407d1f3d7a2f154c21169162579a,sha256:120a4197fa1ccb1a459a71147d88f5555ffaf8d3a2c7d6e062329406202ca1c6,sha256:9d909dbe7af83c2b1bcbc9a414d7e754f9397ad6bc877174843471d562a742ea,.jankurai/repo-score.json,.jankurai/repo-score.md
63,1.1.0,0.9.0,1.5.1,1779426956,1779426956,sha256:d6fe84388260d7f00112f61d9f02d8afeb5ef6ed2d2db395276b5f5876432f6b,https://github.com/neverhuman/RedlineDB.git,sprinter,5bf3c57,true,full,[],87,87,2,0,2,advisory,85,[],sha256:13d3b2968babbe1975b6406f717ca165c95802db60032b0e64e96846800d8f5b,sha256:26305c9b638ad1388a81b65f0bb6fabd0428b63d4957fc8c76cb229225a350a1,sha256:9d909dbe7af83c2b1bcbc9a414d7e754f9397ad6bc877174843471d562a742ea,.jankurai/repo-score.json,.jankurai/repo-score.md
64,1.1.0,0.9.0,1.5.1,1779430871,1779430871,sha256:d6fe84388260d7f00112f61d9f02d8afeb5ef6ed2d2db395276b5f5876432f6b,https://github.com/neverhuman/RedlineDB.git,one-more-jank,f0b48eb,true,full,[],87,87,2,0,2,advisory,85,[],sha256:b4158995a906b8ee8669516c977fd9a2491d4c34f2c5d397e3f7afb6747fc63d,sha256:477fa18073fc728941f605794412e5423054309069b992e95648d352e2a8e485,sha256:9ce83425f57aaad5d2324256d4a8eddec2cf60cfc7d6198fb4bbb2e3d38f5388,.jankurai/repo-score.json,.jankurai/repo-score.md
65,1.1.0,0.9.0,1.5.1,1779466039,1779466039,sha256:d6fe84388260d7f00112f61d9f02d8afeb5ef6ed2d2db395276b5f5876432f6b,https://github.com/neverhuman/RedlineDB.git,one-more-jank,e55d28d,true,full,[],72,86,3,1,2,advisory,85,"[""docker-bad-behavior""]",sha256:1f82b14f53ac7e9012ef18e04100220f5de97bf159dbc1d0612a9e59db999d7c,sha256:97d4c25450b311453ff7510cdf70a8d6511d34c215d1f5169fe429cef3c4fb40,sha256:9ce83425f57aaad5d2324256d4a8eddec2cf60cfc7d6198fb4bbb2e3d38f5388,.jankurai/repo-score.json,.jankurai/repo-score.md
66,1.1.0,0.9.0,1.5.1,1779466382,1779466382,sha256:d6fe84388260d7f00112f61d9f02d8afeb5ef6ed2d2db395276b5f5876432f6b,https://github.com/neverhuman/RedlineDB.git,one-more-jank,e55d28d,true,full,[],87,87,2,0,2,advisory,85,[],sha256:691d01406a584505b430beefac708eb9f0e42a04e296625fe17c118948d60b03,sha256:a7917b940f58bd0fe464f4c8e0068e19b3211c5134b0af7b1e2b6316cc9e998a,sha256:9ce83425f57aaad5d2324256d4a8eddec2cf60cfc7d6198fb4bbb2e3d38f5388,.jankurai/repo-score.json,.jankurai/repo-score.md
67,1.1.0,0.9.0,1.5.1,1779469008,1779469008,sha256:d6fe84388260d7f00112f61d9f02d8afeb5ef6ed2d2db395276b5f5876432f6b,https://github.com/neverhuman/RedlineDB.git,one-more-jank,e55d28d,true,full,[],64,84,3,1,2,advisory,85,"[""future-hostile-dead-language-in-product-code""]",sha256:76b6214200a1e1f707492e9a031cff0e4a4c645ffc110fbe82255f046295c3c3,sha256:fce665300af290cfd019d506c4a384a4d173cbecdc43e556653ddd38e8dc509d,sha256:9ce83425f57aaad5d2324256d4a8eddec2cf60cfc7d6198fb4bbb2e3d38f5388,.jankurai/repo-score.json,.jankurai/repo-score.md
68,1.1.0,0.9.0,1.5.1,1779470711,1779470711,sha256:d6fe84388260d7f00112f61d9f02d8afeb5ef6ed2d2db395276b5f5876432f6b,https://github.com/neverhuman/RedlineDB.git,one-more-jank,e55d28d,true,full,[],87,87,2,0,2,advisory,85,[],sha256:afa6158bb6dc4368d5fc0dd710838940656a8ea76d2d2eb6d99f893bfb88b5c7,sha256:14abc592d32854f16029ce7150b8664f271baa6a05f92a7f152108f6e49e6e8b,sha256:5a2898520d912ff5eccfaf041b5eea0afaddb0c4521b4a36f90dcc5124904729,.jankurai/repo-score.json,.jankurai/repo-score.md
69,1.1.0,0.9.0,1.5.1,1779472442,1779472442,sha256:d6fe84388260d7f00112f61d9f02d8afeb5ef6ed2d2db395276b5f5876432f6b,https://github.com/neverhuman/RedlineDB.git,codex/release-v2.0.0-validation,d727d53,true,full,[],87,87,2,0,2,advisory,85,[],sha256:44c378b37efd875b39e41330c29bb95f6e5c4156584cb82956388e128847b184,sha256:e8b2ca4c494752ddf1dc4ece439793b5e442163679a3bbf5d43d3c46c764a178,sha256:5a2898520d912ff5eccfaf041b5eea0afaddb0c4521b4a36f90dcc5124904729,.jankurai/repo-score.json,.jankurai/repo-score.md
70,1.1.0,0.9.0,1.5.1,1779486595,1779486595,sha256:d6fe84388260d7f00112f61d9f02d8afeb5ef6ed2d2db395276b5f5876432f6b,https://github.com/neverhuman/RedlineDB.git,codex/release-v2.0.1-parity,d304730,true,full,[],87,87,2,0,2,advisory,85,[],sha256:b83aa6afe642d53e5d8fa3dc7e4cf1ce48b5fe41b7afb39b9a74f8af0de2b7e4,sha256:a7539da1d565a150a3aaf44f75e7adfbee6654a67e0ca01b37ab8e3972910fc7,sha256:5a2898520d912ff5eccfaf041b5eea0afaddb0c4521b4a36f90dcc5124904729,.jankurai/repo-score.json,.jankurai/repo-score.md
71,1.1.0,0.9.0,1.5.1,1779495658,1779495658,sha256:d6fe84388260d7f00112f61d9f02d8afeb5ef6ed2d2db395276b5f5876432f6b,https://github.com/neverhuman/RedlineDB.git,codex/release-v2.0.1-parity,d304730,true,full,[],76,87,3,1,2,advisory,85,"[""false-green-test-risk""]",sha256:982b8302cabed397c82d8e989ad152342b3e4e11f028c8f5c69c38738bce90db,sha256:7a1af810f55e8eb1ea74f57a19ba64a4b31aa5967cd430b7c34122402b31dafd,sha256:5a2898520d912ff5eccfaf041b5eea0afaddb0c4521b4a36f90dcc5124904729,.jankurai/repo-score.json,.jankurai/repo-score.md
72,1.1.0,0.9.0,1.5.1,1779505269,1779505269,sha256:d6fe84388260d7f00112f61d9f02d8afeb5ef6ed2d2db395276b5f5876432f6b,https://github.com/neverhuman/RedlineDB.git,codex/release-v2.0.1-parity,0a12db2,true,full,[],70,83,3,1,2,advisory,85,"[""fallback-soup-in-product-code""]",sha256:18c0706bc0e8d1156b2273c5df79407bd281433a18e0c1cc037f11a0cb91c5bf,sha256:3463832cf0c73cecbe73d26529dff12efc91c38218332e802737aa37e4cec2d8,sha256:5a2898520d912ff5eccfaf041b5eea0afaddb0c4521b4a36f90dcc5124904729,.jankurai/repo-score.json,.jankurai/repo-score.md
73,1.1.0,0.9.0,1.5.1,1779506967,1779506967,sha256:d6fe84388260d7f00112f61d9f02d8afeb5ef6ed2d2db395276b5f5876432f6b,https://github.com/neverhuman/RedlineDB.git,codex/release-v2.0.1-parity,0a12db2,true,full,[],87,87,2,0,2,advisory,85,[],sha256:1d2072b653e22b3c21548e5bfef93fa32c08a1355724b05ebb05e92165fd7eaa,sha256:9956e954506aa1533303ab8f2f5b12aac1e8aec0299ee2c8ecd321d5312ff8e1,sha256:5a2898520d912ff5eccfaf041b5eea0afaddb0c4521b4a36f90dcc5124904729,.jankurai/repo-score.json,.jankurai/repo-score.md
74,1.1.0,0.9.0,1.5.1,1779508539,1779508539,sha256:d6fe84388260d7f00112f61d9f02d8afeb5ef6ed2d2db395276b5f5876432f6b,https://github.com/neverhuman/RedlineDB.git,codex/release-v2.0.1-parity,67042c6,true,full,[],87,87,2,0,2,advisory,85,[],sha256:5ee6995dd8735ccff218ac36e8e08c57bc8a40928b4b375e1d840ae812f0ae75,sha256:724302a8ad101b4f61ab6008ae8b5eb84d16bb15a825679118dcf11b1f469176,sha256:5a2898520d912ff5eccfaf041b5eea0afaddb0c4521b4a36f90dcc5124904729,.jankurai/repo-score.json,.jankurai/repo-score.md
75,1.1.0,0.9.0,1.5.1,1779549732,1779549732,sha256:d6fe84388260d7f00112f61d9f02d8afeb5ef6ed2d2db395276b5f5876432f6b,https://github.com/neverhuman/RedlineDB.git,codex/release-v2.0.1-parity,5542ffd,true,full,[],87,87,2,0,2,advisory,85,[],sha256:92152a918644cac27fdbced1a564b40f7f374ab3df6bba3cdfe6ea3edb3463ac,sha256:10aac08979972b90f314539ccc564c5faf18928c0452147a915eeecb761d4c3f,sha256:6b2e95b4e965e82f509afc44fe631d3b954311aee6761b6ca09c319d3b1d191d,.jankurai/repo-score.json,.jankurai/repo-score.md
76,1.1.0,0.9.0,1.5.1,1779550019,1779550019,sha256:d6fe84388260d7f00112f61d9f02d8afeb5ef6ed2d2db395276b5f5876432f6b,https://github.com/neverhuman/RedlineDB.git,codex/release-v2.0.1-parity,a30c242,false,full,[],87,87,2,0,2,advisory,85,[],sha256:660ec2666ad50671ea3e82af248637fede5202790ba0bc9e2642b8c3591c1e14,sha256:10aac08979972b90f314539ccc564c5faf18928c0452147a915eeecb761d4c3f,sha256:6b2e95b4e965e82f509afc44fe631d3b954311aee6761b6ca09c319d3b1d191d,.jankurai/repo-score.json,.jankurai/repo-score.md
77,1.1.0,0.9.0,1.5.1,1779567470,1779567470,sha256:d6fe84388260d7f00112f61d9f02d8afeb5ef6ed2d2db395276b5f5876432f6b,https://github.com/neverhuman/RedlineDB.git,codex/release-v2.0.1-parity,e518e7c,true,full,[],85,85,2,0,2,advisory,85,[],sha256:ceecf474ee3da9836e0e64388e771b600a2703485d72b91838d083b66e94bafa,sha256:205942671acfe5de368ae645d3ce9456bee71d4cb279bf4739b1de553c514285,sha256:6b2e95b4e965e82f509afc44fe631d3b954311aee6761b6ca09c319d3b1d191d,.jankurai/repo-score.json,.jankurai/repo-score.md
78,1.1.0,0.9.0,1.5.1,1779575143,1779575143,sha256:d6fe84388260d7f00112f61d9f02d8afeb5ef6ed2d2db395276b5f5876432f6b,https://github.com/neverhuman/RedlineDB.git,codex/release-v2.0.4-parity,c020508,true,full,[],85,85,2,0,2,advisory,85,[],sha256:53e6ab83d59cbbb498ac9fbfe884471cba69830052c1459951186b7d84905238,sha256:aff42e26451876bb10ddbcc49f6f93ddb7da94a5f046b627421eaae88f5e8592,sha256:6b2e95b4e965e82f509afc44fe631d3b954311aee6761b6ca09c319d3b1d191d,.jankurai/repo-score.json,.jankurai/repo-score.md
79,1.1.0,0.9.0,1.5.1,1779598435,1779598435,sha256:d6fe84388260d7f00112f61d9f02d8afeb5ef6ed2d2db395276b5f5876432f6b,https://github.com/neverhuman/RedlineDB.git,codex/release-v2.0.4-parity,c020508,true,full,[],78,85,3,1,2,advisory,85,"[""agent-tool-supply-chain-gap""]",sha256:3ec2d36d4ab622679a2cc80639290ea64ad119ed5bfce58681377c727e9ebc79,sha256:6349114acf644bb2881516e40bfaacce08dd9f433a9c1ba17d9e44109aed370e,sha256:6b2e95b4e965e82f509afc44fe631d3b954311aee6761b6ca09c319d3b1d191d,.jankurai/repo-score.json,.jankurai/repo-score.md
80,1.1.0,0.9.0,1.5.1,1779628616,1779628616,sha256:d6fe84388260d7f00112f61d9f02d8afeb5ef6ed2d2db395276b5f5876432f6b,https://github.com/neverhuman/RedlineDB.git,codex/release-v2.0.4-parity,a2a08c2,true,full,[],64,84,5,3,2,advisory,85,"[""future-hostile-dead-language-in-product-code"",""agent-tool-supply-chain-gap""]",sha256:44a1861b61923dbb2db3edb5389d277fb5f605235221e9f9e7a008c7f437d2ef,sha256:285fc33afe3ab58db3923f7bc6ad8d57f27778f269c22d1d227b3f6d2581e534,sha256:8743a5f274d5bfd094c29baaa652254a37cf0143bc35cdbc3838c1cb5379e7f3,.jankurai/repo-score.json,.jankurai/repo-score.md
81,1.1.0,0.9.0,1.5.1,1779636581,1779636581,sha256:d6fe84388260d7f00112f61d9f02d8afeb5ef6ed2d2db395276b5f5876432f6b,https://github.com/neverhuman/RedlineDB.git,speed-gap,035b5db,true,full,[],87,87,2,0,2,advisory,85,[],sha256:04c8892c726eed77c93a231598ed2501bac13f88d3ff5b065204f682869459d1,sha256:56d565a54ba3a8ba34f80f626ba24135fb565968f29bb26f3cb768aff56a83e9,sha256:affaf294fc444a2dc116f4046213e166d7f8474be08d78d6278feb240d9a2c00,.jankurai/repo-score.json,.jankurai/repo-score.md
82,1.1.0,0.9.0,1.5.1,1779770702,1779770702,sha256:6fee039913ac85c9516dadc08d197f2f0b5b9585d5e3ed0592f387ae55358165,https://github.com/neverhuman/RedlineDB,perf/parity-gap-closure,2a5760d,false,full,[],85,85,2,0,2,advisory,85,[],sha256:b35efc86ff3a6b6f259df81c89f0b7a0113e42ae71d3ca4bae2932dc0205eb79,sha256:e57fa974acc3bb6d4f5549920b1579e37e548867a90377ddf00d831ff47a2db5,sha256:aaaee40a902eafdce540ca464af48d69d5fb586b3793747163671d4d8eef72cf,.jankurai/repo-score.json,.jankurai/repo-score.md
83,1.1.0,0.9.0,1.5.1,1779770765,1779770765,sha256:6fee039913ac85c9516dadc08d197f2f0b5b9585d5e3ed0592f387ae55358165,https://github.com/neverhuman/RedlineDB,perf/parity-gap-closure,2a5760d,true,full,[],85,85,2,0,2,advisory,85,[],sha256:429ea8e410e65af32523bcd60e24f7c711cc746434874004c9f314c379d24290,sha256:e57fa974acc3bb6d4f5549920b1579e37e548867a90377ddf00d831ff47a2db5,sha256:aaaee40a902eafdce540ca464af48d69d5fb586b3793747163671d4d8eef72cf,.jankurai/repo-score.json,.jankurai/repo-score.md
84,1.1.0,0.9.0,1.5.1,1779985599,1779985599,sha256:74bcd7e52064bd79a026f59ed23616b5a70a6829ea3157b97f262166778a0b47,ssh://127.0.0.1:2224/root/RedlineDB.git,perf/phase1-surgical,72b4107,false,full,[],81,81,5,2,3,advisory,85,"[""missing-web-e2e-lane"",""missing-rendered-ux-qa-lane""]",sha256:a8cc1e9744bf566356f289b7daf189cc93e4d31c31680208dc7fdbdab7d94bee,sha256:58a435ed1b17614198ddd0c9f39b161854cf9c9d049d9e2a45a5c1ed72e2b288,sha256:7d659eb917c4ef7187555d29d1c4b86c7e68faadc52ec5bfa54d8b559ec2f965,.jankurai/repo-score.json,.jankurai/repo-score.md
85,1.1.0,0.9.0,1.5.1,1779985630,1779985630,sha256:74bcd7e52064bd79a026f59ed23616b5a70a6829ea3157b97f262166778a0b47,ssh://127.0.0.1:2224/root/RedlineDB.git,perf/phase1-surgical,d7f3ac9,true,full,[],81,81,5,2,3,advisory,85,"[""missing-web-e2e-lane"",""missing-rendered-ux-qa-lane""]",sha256:c0865d01a6582249a5804c5fd30334d2d4cdfd582a17eafd8e814b6c7c3c1ef7,sha256:58a435ed1b17614198ddd0c9f39b161854cf9c9d049d9e2a45a5c1ed72e2b288,sha256:7d659eb917c4ef7187555d29d1c4b86c7e68faadc52ec5bfa54d8b559ec2f965,.jankurai/repo-score.json,.jankurai/repo-score.md
86,1.1.0,0.9.0,1.6.10,1781123982,1781123982,sha256:c7205bad99a6c724640cd4b73b7d56c05ea98d617ed63a53c523a697af61e3cd,http://127.0.0.1:8787/git/jeryu/redline-core.git,main,5ef79b6,true,full,[],64,79,64,61,3,advisory,85,"[""non-optimal-product-language-found"",""future-hostile-dead-language-in-product-code"",""severe-duplication-in-product-code"",""input-boundary-gap"",""rust-bad-behavior"",""repo-rot-bad-behavior""]",sha256:1ed402690a6ad1e890858ae0b40740d1f59a0b78c8bee8102efbef20e337f664,sha256:cf2678591e6ce07f5f9c7e39ec4b1fae734e3d8d5be1581f37cb8261e871ef7f,sha256:7d659eb917c4ef7187555d29d1c4b86c7e68faadc52ec5bfa54d8b559ec2f965,target/jankurai/repo-score.json,target/jankurai/repo-score.md
87,1.1.0,0.9.0,1.6.10,1781125269,1781125269,sha256:c7205bad99a6c724640cd4b73b7d56c05ea98d617ed63a53c523a697af61e3cd,http://127.0.0.1:8787/git/jeryu/redline-core.git,main,5ef79b6,true,full,[],72,83,34,31,3,advisory,85,"[""non-optimal-product-language-found"",""input-boundary-gap"",""rust-bad-behavior"",""repo-rot-bad-behavior""]",sha256:ade6c8d3d5a03155814d81a8e18e1c67e9603f9396417e605b7fcae42707dfc1,sha256:11c006d09f28b43935ce8cd970b9e478cddafed567edfca6d90f795bf885ef43,sha256:fe3b58406b37c96d3652a330a0a505b242f8df8ac32df8924a4552bb365ee88a,target/jankurai/repo-score.json,target/jankurai/repo-score.md
88,1.1.0,0.9.0,1.6.10,1781126509,1781126509,sha256:c7205bad99a6c724640cd4b73b7d56c05ea98d617ed63a53c523a697af61e3cd,http://127.0.0.1:8787/git/jeryu/redline-core.git,main,5ef79b6,true,full,[],72,83,6,3,3,advisory,85,"[""non-optimal-product-language-found"",""input-boundary-gap"",""rust-bad-behavior"",""repo-rot-bad-behavior""]",sha256:13911f630b1e4b464fe3aaa8f2ec760f1ab4a59c37d054d6eea8acff87171fe5,sha256:b269e014891c82bc2b63b2a5896ea104dd9bf472df8ded32ea0ac25338115a14,sha256:fe3b58406b37c96d3652a330a0a505b242f8df8ac32df8924a4552bb365ee88a,target/jankurai/repo-score.json,target/jankurai/repo-score.md
89,1.1.0,0.9.0,1.6.10,1781126837,1781126837,sha256:c7205bad99a6c724640cd4b73b7d56c05ea98d617ed63a53c523a697af61e3cd,http://127.0.0.1:8787/git/jeryu/redline-core.git,main,5ef79b6,true,full,[],78,86,4,1,3,advisory,85,"[""input-boundary-gap"",""repo-rot-bad-behavior""]",sha256:91b8dc8c37850c5ac57f16fc3e4da6f9c3849020ca83f76aa4d0b9075c4a25b3,sha256:8cb6904fd5b8a828b48c62be13cd8b2b3849f6e9bd0e39e1d744c30f733273f9,sha256:fe3b58406b37c96d3652a330a0a505b242f8df8ac32df8924a4552bb365ee88a,target/jankurai/repo-score.json,target/jankurai/repo-score.md
90,1.1.0,0.9.0,1.6.10,1781126999,1781126999,sha256:c7205bad99a6c724640cd4b73b7d56c05ea98d617ed63a53c523a697af61e3cd,http://127.0.0.1:8787/git/jeryu/redline-core.git,main,5ef79b6,true,full,[],76,86,5,2,3,advisory,85,"[""generated-zone-mutation-risk"",""input-boundary-gap"",""repo-rot-bad-behavior""]",sha256:af91d98252954899740a36cdaafb2a2419aa7a33a0274f2f4b2fc02b44fe2dba,sha256:202df39792d7229b7ba1e6bb5c865af1233757f67afe1ce17323a5cad9b95ebe,sha256:fe3b58406b37c96d3652a330a0a505b242f8df8ac32df8924a4552bb365ee88a,target/jankurai/repo-score.json,target/jankurai/repo-score.md
91,1.1.0,0.9.0,1.6.10,1781127247,1781127247,sha256:c7205bad99a6c724640cd4b73b7d56c05ea98d617ed63a53c523a697af61e3cd,http://127.0.0.1:8787/git/jeryu/redline-core.git,main,5ef79b6,true,full,[],86,86,3,0,3,advisory,85,"[""repo-rot-bad-behavior""]",sha256:61c282b2017d27d539d4a8c7c0f56388343a6f4e18fa0ac9c2651f00309caf03,sha256:36635a55cd5ec10010d652e89c143933abcf4761d89b23e5519bc646dfb32209,sha256:fe3b58406b37c96d3652a330a0a505b242f8df8ac32df8924a4552bb365ee88a,target/jankurai/repo-score.json,target/jankurai/repo-score.md
92,1.1.0,0.9.0,1.6.10,1781135496,1781135496,sha256:c7205bad99a6c724640cd4b73b7d56c05ea98d617ed63a53c523a697af61e3cd,http://127.0.0.1:8787/git/jeryu/redline-core.git,main,11c7266,false,full,[],86,86,3,0,3,pass,85,"[""repo-rot-bad-behavior""]",sha256:baa55955719bb4719990103c64e8cc4596c394d1d253fb93cfa62b07387930a6,sha256:23d1ab6503eb1f88fa588afb06226f44b0295d8099546a29ef426057421f0a4b,sha256:21eb290d1c19e2e19ce308cbfad4a6490cf0896611f8cf0350259bdeb158924b,.jankurai/repo-score.json,.jankurai/repo-score.md
93,1.1.0,0.9.0,1.6.10,1781135529,1781135529,sha256:c7205bad99a6c724640cd4b73b7d56c05ea98d617ed63a53c523a697af61e3cd,http://127.0.0.1:8787/git/jeryu/redline-core.git,main,11c7266,true,full,[],86,86,3,0,3,pass,85,"[""repo-rot-bad-behavior""]",sha256:714107158a664fe8e5f93648376409a8fc760dcc26b95207c65a3ae01c6dc3fb,sha256:23d1ab6503eb1f88fa588afb06226f44b0295d8099546a29ef426057421f0a4b,sha256:21eb290d1c19e2e19ce308cbfad4a6490cf0896611f8cf0350259bdeb158924b,.jankurai/repo-score.json,.jankurai/repo-score.md
94,1.1.0,0.9.0,1.6.10,1781137245,1781137245,sha256:c7205bad99a6c724640cd4b73b7d56c05ea98d617ed63a53c523a697af61e3cd,http://127.0.0.1:8787/git/jeryu/redline-core.git,main,11c7266,true,full,[],86,86,2,0,2,pass,85,[],sha256:d20607a91187ec05bf66ccaf92d5f4f24f47899a9765d977296b1191fe0bf18a,sha256:5e47751cb838d3cffd5a7013a2f3ab2b247280bb9a6ff5d8b756d71fc0274c70,sha256:502b3f5938dc5f8941cf025d958337d25339a9e4de7afa6f5f69abf64896272c,.jankurai/repo-score.json,.jankurai/repo-score.md
95,1.1.0,0.9.0,1.6.10,1783854447,1783854447,sha256:c7205bad99a6c724640cd4b73b7d56c05ea98d617ed63a53c523a697af61e3cd,http://127.0.0.1:8787/git/jeryu/redline-core.git,codex/redline-core-rust-bench-tools,d17b89e,true,full,[],86,86,9,0,9,advisory,85,[],sha256:649e0339a1396b6324e279332ee0c4802ed389e0b0ba78e611eb22a78086c1b8,sha256:ac89ea2f49ac52796e707bc0eff24dd31e69ff1162c63d6f3c91f85c841a1f3e,sha256:e7c7611fb6dc511d7cf461b144e5c3b76087325b45622c209814f5a2288a841c,.jankurai/repo-score.json,.jankurai/repo-score.md
96,1.1.0,0.9.0,1.6.10,1783854936,1783854936,sha256:c7205bad99a6c724640cd4b73b7d56c05ea98d617ed63a53c523a697af61e3cd,http://127.0.0.1:8787/git/jeryu/redline-core.git,codex/redline-core-rust-bench-tools,d17b89e,true,full,[],86,86,2,0,2,advisory,85,[],sha256:f4ff2181ea9f636f42e1dce2d76e93014eff4eb53ea6b8b506f681b978602ce4,sha256:86432402addc92e18f1870ea59ec965d2522731f300a9876810988cf5c045752,sha256:e7c7611fb6dc511d7cf461b144e5c3b76087325b45622c209814f5a2288a841c,target/jankurai/repo-score.json,target/jankurai/repo-score.md
97,1.1.0,0.9.0,1.6.10,1783883222,1783883222,sha256:c7205bad99a6c724640cd4b73b7d56c05ea98d617ed63a53c523a697af61e3cd,http://127.0.0.1:8787/git/jeryu/redline-core.git,codex/redline-core-rust-bench-tools,c805a59,false,full,[],86,86,9,0,9,advisory,85,[],sha256:cbf2a68d9201149cc780e553c9c17dfb62de27db07b7cfb75dcc392d6947703a,sha256:98845d6031a44e34694d472c124e6141842de79ee9c5e2ab7e8105cb8311adee,sha256:e7c7611fb6dc511d7cf461b144e5c3b76087325b45622c209814f5a2288a841c,.jankurai/repo-score.json,.jankurai/repo-score.md
98,1.1.0,0.9.0,1.6.11,1789681374,1789681374,sha256:6fee039913ac85c9516dadc08d197f2f0b5b9585d5e3ed0592f387ae55358165,https://github.com/neverhuman/RedlineDB,automation/sqlite-parity-report,788d9185,false,full,[],85,85,10,0,10,advisory,85,[],sha256:bb449742473e1435ec37361d74c98bdc7d9b2baf480aa807275a2336cb4c6b0b,sha256:5cf9a11052e2d74311e949336c665c7dbb507ee778699b96a083dda6260be3da,sha256:a709fa6bbfe5c3197979cc12ca5bb1dd81019d911b9d064f91eca62ff4fe46cb,.jankurai/repo-score.json,.jankurai/repo-score.md
99,1.1.0,0.9.0,1.6.11,1789681986,1789681986,sha256:6fee039913ac85c9516dadc08d197f2f0b5b9585d5e3ed0592f387ae55358165,https://github.com/neverhuman/RedlineDB,automation/sqlite-parity-report,85a9772d,false,full,[],85,85,10,0,10,advisory,85,[],sha256:e3597ea5072ae6ef719fd75d594e7f365e8c06795cd024e460a3acf63823a92c,sha256:8a36cd0b26170bec06f18e80fdc95e1605f8b579b4a829d410e30a7e837ad1dc,sha256:a709fa6bbfe5c3197979cc12ca5bb1dd81019d911b9d064f91eca62ff4fe46cb,.jankurai/repo-score.json,.jankurai/repo-score.md
100,1.1.0,0.9.0,1.6.11,1789737892,1789737892,sha256:6fee039913ac85c9516dadc08d197f2f0b5b9585d5e3ed0592f387ae55358165,https://github.com/neverhuman/RedlineDB,automation/sqlite-parity-report,0a1abd4c,false,full,[],85,85,10,0,10,advisory,85,[],sha256:804e92abb309fd2766aa9778528bf884c0c52c357910020ddcddec7c2ac20e1a,sha256:96f1e1dfff88b17dd5abe7ef77fedce8d0c0932bebbde58bb47c68192f08f361,sha256:a709fa6bbfe5c3197979cc12ca5bb1dd81019d911b9d064f91eca62ff4fe46cb,.jankurai/repo-score.json,.jankurai/repo-score.md
101,1.1.0,0.9.0,1.6.11,1789741847,1789741847,sha256:6fee039913ac85c9516dadc08d197f2f0b5b9585d5e3ed0592f387ae55358165,https://github.com/neverhuman/RedlineDB,automation/sqlite-parity-report,e5e86a05,false,full,[],85,85,10,0,10,advisory,85,[],sha256:148b64d1f7721a3e9dad2ed963e901c9ebea181aa6c359cb8ad4561d0b2f441c,sha256:a8d5752096f9ebcfdd97b5e3da7119d52c7fc44c5860c2d94a205a9793af6d07,sha256:a709fa6bbfe5c3197979cc12ca5bb1dd81019d911b9d064f91eca62ff4fe46cb,.jankurai/repo-score.json,.jankurai/repo-score.md
102,1.1.0,0.9.0,1.6.11,1789744261,1789744261,sha256:6fee039913ac85c9516dadc08d197f2f0b5b9585d5e3ed0592f387ae55358165,https://github.com/neverhuman/RedlineDB,automation/sqlite-parity-report,9be6770a,false,full,[],85,85,10,0,10,advisory,85,[],sha256:1b429c6703fdf3602b5df1db3cee77bf660473bf50466177138316d3cc538c68,sha256:6e6e1a351762e442a6fa2d840ddf4e5ab2fd6bddeb1c4882197d1a6f12d16d0c,sha256:a709fa6bbfe5c3197979cc12ca5bb1dd81019d911b9d064f91eca62ff4fe46cb,.jankurai/repo-score.json,.jankurai/repo-score.md
103,1.1.0,0.9.0,1.6.11,1789746160,1789746160,sha256:6fee039913ac85c9516dadc08d197f2f0b5b9585d5e3ed0592f387ae55358165,https://github.com/neverhuman/RedlineDB,automation/sqlite-parity-report,9b8f06ba,false,full,[],85,85,10,0,10,advisory,85,[],sha256:b94d55d5d18f9df1427fa4d547ccb4dbc92972b4730137abc0e76ebc3da9a1d5,sha256:539ed2413f6c2071a1edc9055e6346b21599148d59a16e4fb8b97c6d336a78c8,sha256:a709fa6bbfe5c3197979cc12ca5bb1dd81019d911b9d064f91eca62ff4fe46cb,.jankurai/repo-score.json,.jankurai/repo-score.md
104,1.1.0,0.9.0,1.6.11,1789748323,1789748323,sha256:6fee039913ac85c9516dadc08d197f2f0b5b9585d5e3ed0592f387ae55358165,https://github.com/neverhuman/RedlineDB,automation/sqlite-parity-report,bb461e6a,false,full,[],85,85,10,0,10,advisory,85,[],sha256:c22406d45e686efddf9244b8b903e26e302eff1e2699764416897d203cfaab4e,sha256:daeaa4a29a094d8c275f73ef77709a269d2e94cef81587c3a951bb98363cc020,sha256:a709fa6bbfe5c3197979cc12ca5bb1dd81019d911b9d064f91eca62ff4fe46cb,.jankurai/repo-score.json,.jankurai/repo-score.md
105,1.1.0,0.9.0,1.6.11,1790164855,1790164855,sha256:6fee039913ac85c9516dadc08d197f2f0b5b9585d5e3ed0592f387ae55358165,https://github.com/neverhuman/RedlineDB,automation/sqlite-parity-report,45fc7dbe,false,full,[],86,86,10,0,10,advisory,85,[],sha256:ebfa4cb65fae00ec17ce7cf2642b093ab3b3e4529bba7872605e2b0aba6204f8,sha256:c03502fdc05262243460c72ae38614823500b39029209cf8eec5fbdd4a050846,sha256:a709fa6bbfe5c3197979cc12ca5bb1dd81019d911b9d064f91eca62ff4fe46cb,.jankurai/repo-score.json,.jankurai/repo-score.md
106,1.1.0,0.9.0,1.6.11,1790251625,1790251625,sha256:6fee039913ac85c9516dadc08d197f2f0b5b9585d5e3ed0592f387ae55358165,https://github.com/neverhuman/RedlineDB,automation/sqlite-parity-report,30fa63cb0,false,full,[],86,86,10,0,10,advisory,85,[],sha256:04960f13cdcc608efe258e6f176892ca45dd29c9b7c7c47ce457acb3c1841db5,sha256:0ddce80c81cdcc3c74234ac8e619ae6906035ef23c4457ff788942e3e4b049e7,sha256:a709fa6bbfe5c3197979cc12ca5bb1dd81019d911b9d064f91eca62ff4fe46cb,.jankurai/repo-score.json,.jankurai/repo-score.md
